{
    "01": { 
        "passwordHash": "cb0d5f411690cf6db1b114f97f82229c8e0d06bcbac53ab4d13eb6fee5ca8d2c", 
        "version": 1
     },
    "02": { 
        "passwordHash": "3fbd34aa6a14ef839af97ae03aec944db627a6151fb0a5c37bef11cd6f381e31", 
        "version": 1
     },
    "03": { 
        "passwordHash": "e385e7294d14ec72b964a7c79a78ee1c19ebd657652926c81354175aaf911786", 
        "version": 1
     },
    "04": { 
        "passwordHash": "e385e7294d14ec72b964a7c79a78ee1c19ebd657652926c81354175aaf911786", 
        "version": 1
     },
    "05": { 
        "passwordHash": "be327bd578f640087ef86de033eed2c2b15b7eca6525acfa207e9d99d8734bc5", 
        "version": 1
     },
    "06": { 
        "passwordHash": "f72b9f4868b099efbcfe59b91347d28c12ffecc8ec2b5008e8790d79be3a7608", 
        "version": 1
     },
    "07": { 
        "passwordHash": "40fe1cac1b8e5480d435023d8d731587c7b12276fa312326dc97052fcb5c6bc7", 
        "version": 1
     },
    "08": { 
        "passwordHash": "be327bd578f640087ef86de033eed2c2b15b7eca6525acfa207e9d99d8734bc5", 
        "version": 1
    },
    "09": { 
        "passwordHash": "be327bd578f640087ef86de033eed2c2b15b7eca6525acfa207e9d99d8734bc5", 
        "version": 1
    },
    "10": { 
        "passwordHash": "be327bd578f640087ef86de033eed2c2b15b7eca6525acfa207e9d99d8734bc5", 
        "version": 1
    },
    "11": { 
        "passwordHash": "be327bd578f640087ef86de033eed2c2b15b7eca6525acfa207e9d99d8734bc5", 
        "version": 1
    },
    "12": { 
        "passwordHash": "be327bd578f640087ef86de033eed2c2b15b7eca6525acfa207e9d99d8734bc5", 
        "version": 1
    },
    "13": { 
        "passwordHash": "be327bd578f640087ef86de033eed2c2b15b7eca6525acfa207e9d99d8734bc5", 
        "version": 1
    },
    "14": { 
        "passwordHash": "be327bd578f640087ef86de033eed2c2b15b7eca6525acfa207e9d99d8734bc5", 
        "version": 1
    },
    "15": { 
        "passwordHash": "be327bd578f640087ef86de033eed2c2b15b7eca6525acfa207e9d99d8734bc5", 
        "version": 1
    },
    "16": { 
        "passwordHash": "be327bd578f640087ef86de033eed2c2b15b7eca6525acfa207e9d99d8734bc5", 
        "version": 1
    },
    "17": { 
        "passwordHash": "be327bd578f640087ef86de033eed2c2b15b7eca6525acfa207e9d99d8734bc5", 
        "version": 1
    },
    "18": { 
        "passwordHash": "be327bd578f640087ef86de033eed2c2b15b7eca6525acfa207e9d99d8734bc5", 
        "version": 1
    },
    "19": { 
        "passwordHash": "be327bd578f640087ef86de033eed2c2b15b7eca6525acfa207e9d99d8734bc5", 
        "version": 1
    },
    "20": { 
        "passwordHash": "9317824a5a58e32b3eaf2f44ebf0ebff06bc85a0aaa10f08c856cce347bc8ae2", 
        "version": 1
    },
    "21": { 
        "passwordHash": "be327bd578f640087ef86de033eed2c2b15b7eca6525acfa207e9d99d8734bc5", 
        "version": 1
    },
    "22": { 
        "passwordHash": "7643b156f1caf33eabe6acbe27dc808ef552a28ce25eaa66f34809f82c84745d", 
        "version": 1
    },
    "23": { 
        "passwordHash": "5dda3fd3ba0d1f70c1e3bce2d1fb812de8b9179ec090de4430896bc8f23e45f9", 
        "version": 1
    },
    "24": { 
        "passwordHash": "be327bd578f640087ef86de033eed2c2b15b7eca6525acfa207e9d99d8734bc5", 
        "version": 1
    },
    "25": { 
        "passwordHash": "be327bd578f640087ef86de033eed2c2b15b7eca6525acfa207e9d99d8734bc5", 
        "version": 1
    },
    "26": { 
        "passwordHash": "be327bd578f640087ef86de033eed2c2b15b7eca6525acfa207e9d99d8734bc5", 
        "version": 1
    },
    "27": { 
        "passwordHash": "be327bd578f640087ef86de033eed2c2b15b7eca6525acfa207e9d99d8734bc5", 
        "version": 1
    },
    "28": { 
        "passwordHash": "be327bd578f640087ef86de033eed2c2b15b7eca6525acfa207e9d99d8734bc5", 
        "version": 1
    },
    "29": { 
        "passwordHash": "be327bd578f640087ef86de033eed2c2b15b7eca6525acfa207e9d99d8734bc5", 
        "version": 1
    },
    "30": { 
        "passwordHash": "be327bd578f640087ef86de033eed2c2b15b7eca6525acfa207e9d99d8734bc5", 
        "version": 1
    },
    "31": { 
        "passwordHash": "14fd0ae963907d4384136ca37e57ee66bfe2b4b6f2debb5cc35aa73ebfd1fbd3", 
        "version": 1
    },
    "32": { 
        "passwordHash": "41214f55c1e8d6170239eb93d7cc105abbee1dc0fbe8f7a258962da285dfe9cd", 
        "version": 1
    },
    "33": { 
        "passwordHash": "be327bd578f640087ef86de033eed2c2b15b7eca6525acfa207e9d99d8734bc5", 
        "version": 1
    },
    "34": { 
        "passwordHash": "279834f2fbb633bc6055559e29ca0e2192ee0681b3013dc970308e92583092b8", 
        "version": 1
    },
    "35": { 
        "passwordHash": "7b659d4c565ce3b0cdd361b6e2750987a34bcac23c843dcb9c2def94bc718ee9", 
        "version": 1
    },
    "36": {  
        "passwordHash": "56945556c6c23fb8390006c5bdce7b22e1cd1da3b9215927d1a237726e685f47", 
        "version": 1
    },
    "37": { 
        "passwordHash": "be327bd578f640087ef86de033eed2c2b15b7eca6525acfa207e9d99d8734bc5", 
        "version": 1
    },
    "38": { 
        "passwordHash": "0c7bdf0dcc3a9648b4009e7c93687005602fa73c1c8d3114a9f8af0c880c485c", 
        "version": 1
    },
    "39": { 
        "passwordHash": "9715475cc5ac3bc54155d466db37d6fa00dcdbe2f0b2df31bd2479cf611f07bf", 
        "version": 1
    },
    
    "40": { 
        "passwordHash": "332741ad69a5dec20f62fad3bd2caa0bb9cb8fc2467295552ec9bb04145f33a9", 
        "version": 1
    },
    "41": { 
        "passwordHash": "6a19f21a38a8015cd8bf5b747e9e7289c12e1f26014c506937dd2fccfd98bdab", 
        "version": 1
    },
    "42": { 
        "passwordHash": "0303500bf57871ae628a56960c10def60bff92c60cce2951ec5972a33b7d84b1", 
        "version": 1
    },
    "43": { 
        "passwordHash": "3643b040a1e8aa3778ce0b7db4d5bf5c768084c16c8a10d1bd43149a42c79228", 
        "version": 1
    },
    "44": { 
        "passwordHash": "980e490b5585a409b8b63397c7da7b9c02191de4ce4e48d085157c8c52432ddb", 
        "version": 1
    },
    "45": { 
        "passwordHash": "be327bd578f640087ef86de033eed2c2b15b7eca6525acfa207e9d99d8734bc5", 
        "version": 1
    },
    "46": { 
        "passwordHash": "285075a02b2679248a6b4636c3328bd3097626607c3e43c0c5498258fbfa9f29", 
        "version": 1
    },
    "47": { 
        "passwordHash": "ac208af8e81a132c58e921c50659eede5461c2079443a3530d6fbff01499dc84", 
        "version": 1
    },
    "48": { 
        "passwordHash": "03ac674216f3e15c761ee1a5e255f067953623c8b388b4459e13f978d7c846f4", 
        "version": 1
    },
    "49": { 
        "passwordHash": "545e4df7ec0971885d0dd785c910a13b3b6b34c552ae74332cba0af7a1aa9794", 
        "version": 1
    },
    "50": { 
        "passwordHash": "295af9de5a6fa68cc6f87d53579eafd3edd1167eff71dafc684ed632d219a05c", 
        "version": 1
    },
    "51": { 
        "passwordHash": "83cf8b609de60036a8277bd0e96135751bbc07eb234256d4b65b893360651bf2", 
        "version": 1
    },
    "52": { 
        "passwordHash": "49dc8d6aa0d67782c1db02b5b04b7b70c9a5e3d567310ed63cf297e4f7e22cfd", 
        "version": 1
    },
    "53": { 
        "passwordHash": "e585737a1d8e36a454bb382828e9bd952add19facc3c4b973fd0751c8c3ef348", 
        "version": 1
    },
    "54": { 
        "passwordHash": "0341b5dd628e639abaa6a2a7affb6e8905dc4a0065309f69c67456473483c9dd", 
        "version": 1
    },
    "55": { 
        "passwordHash": "18a7849bfbc4e1426e90442871434b7fe2b5783778e21f254e1f1294adf65981", 
        "version": 1
    },
    "56": { 
        "passwordHash": "cd4d65a1a282f5151ac141dfffa8da9124035d794d3f6f70a064e716c01c7b10", 
        "version": 1
    },
    "57": { 
        "passwordHash": "33bb5bfe40e2d2682f368921a64b2e0b67d10a58827addec3583f18a461f932e", 
        "version": 1
    },
    "58": { 
        "passwordHash": "be327bd578f640087ef86de033eed2c2b15b7eca6525acfa207e9d99d8734bc5", 
        "version": 1
    },
    "59": { 
        "passwordHash": "be327bd578f640087ef86de033eed2c2b15b7eca6525acfa207e9d99d8734bc5", 
        "version": 1
    },
    "60": { 
        "passwordHash": "be327bd578f640087ef86de033eed2c2b15b7eca6525acfa207e9d99d8734bc5", 
        "version": 1
    },
    "61": { 
        "passwordHash": "be327bd578f640087ef86de033eed2c2b15b7eca6525acfa207e9d99d8734bc5", 
        "version": 1
    },
    "62": { 
        "passwordHash": "be327bd578f640087ef86de033eed2c2b15b7eca6525acfa207e9d99d8734bc5", 
        "version": 1
    },
    "63": { 
        "passwordHash": "be327bd578f640087ef86de033eed2c2b15b7eca6525acfa207e9d99d8734bc5", 
        "version": 1
    },
    "64": { 
        "passwordHash": "be327bd578f640087ef86de033eed2c2b15b7eca6525acfa207e9d99d8734bc5", 
        "version": 1
    },
    "65": { 
        "passwordHash": "be327bd578f640087ef86de033eed2c2b15b7eca6525acfa207e9d99d8734bc5", 
        "version": 1
    },
    "66": { 
        "passwordHash": "be327bd578f640087ef86de033eed2c2b15b7eca6525acfa207e9d99d8734bc5", 
        "version": 1
    },
    "67": { 
        "passwordHash": "be327bd578f640087ef86de033eed2c2b15b7eca6525acfa207e9d99d8734bc5", 
        "version": 1
    },
    "68": { 
        "passwordHash": "be327bd578f640087ef86de033eed2c2b15b7eca6525acfa207e9d99d8734bc5", 
        "version": 1
    },
    "69": { 
        "passwordHash": "be327bd578f640087ef86de033eed2c2b15b7eca6525acfa207e9d99d8734bc5", 
        "version": 1
    },
    "70": { 
        "passwordHash": "be327bd578f640087ef86de033eed2c2b15b7eca6525acfa207e9d99d8734bc5", 
        "version": 1
    },
    "208": { 
        "passwordHash": "663ef2283103ba85922da7151553e4087fe18fd14d8f497bba9833ce45997e88", 
        "version": 1
    }
}
